"telegram_chat_id","username"
"1","TradeCoinUnderGround"
"2","TCGFORYOU"
"3","crypto_signals_binance_pump"
"4","CryptoPumpisland_Official"
"5","bitcoinpumpgroup"
"6",NULL
"7","wiseadvicebysumit"
"8","cryptopapa_signalsadmin1"
"9",NULL
"10","binancesignalsturkeyyyy"
"11","CryptoVIPSignalTA"
"12","CryptoHub_Bitcoin"
"13","pumps301"
"14","signals_slayer"
"15",NULL
"16",NULL
"17","VIPExpertSignals"
"18","CoinCoachSignals"
"19","crypto_pump_island"
"20","FieryTradingPumpAlerts"
"21","Coin_Signals"
"23","tradecoinundergroundchannel"
"24",NULL
"25","pumpcoinvip"
"26","Binanceexchange_1"
"27","cryptopapasignals"
"28",NULL
"29","Whalesguide"
"30","cryptoclubpump"
"31","Big_Pumps_Signals"
"32","BitcoinOrders"
"33","yocrypto"
"34","CryptoCaptain1"
"35","BinanceTrading360"
"37","moonbotcrypto"
"38","megasignalsgroup"
"39","mushiemuchmushi"
"40","zolansignal"
"41",NULL
"42","CrypticTrading"
"43","mega_pump_group"
"44","wall_street_bets_channel"
"45","CryptoSignal"
"46","CoinpumpT"
"47","cryptosignalsvipr"
"49","BinanceSuperPumpSignals"
"50",NULL
"51","pancakeswap_pumping"
"52","moonlightsignal"
"53","cprofits"
"54","PrivateGroupforpump"
"55","Crypto_Pump_Analytics"
"56","cryptoflashsignals"
"57","binancepumpdetector"
"59",NULL
"60","BinanceCryptoPumps"
"61","Official_CryptoWheals"
"62","pumpleaks"
"64","CryptoPlanetCalls"
"65","evrydaypump"
"66",NULL
"67","bitcoin_pump_chanel"
"68","ChinaMegaPump"
"70","kucoin_official_pumpss"
"71",NULL
"72","pump_binancel"
"73",NULL
"74","TartariaHistoryChannel"
"75","binance_360"
"78",NULL
"79","Scalping_300"
"81","binkbun"
"82","next10xgem1"
"83","Cryptocoinpumpsignals"
"84",NULL
"85","TodayWePush"
"86","MonoPayCoin"
"87",NULL
"88","whaleglobal"
"89",NULL
"90","binanceturkfree"
"91","Big_Pumps_Signals_Global"
"92","Crypto_Bitcoin_Pump"
"94","Cryptopumpsandtrading"
"95","AlexFriedmanOfficial"
"96","PhoenixSignalsCrypto"
"97","alexfrisdfapk"
"98","DuyuruKonusu"
"99","turksd332"
"100","wallstreetqueenofficial"
"101","CryptoCashFlowReal"
"102","crypto_pump_best"
"103","kucoin_binance_pump_signals"
"104",NULL
"105","cryptopumpsignalsgroup"
"106","Biggestcryptopumpchannel"
"107","Crypto_Pumps_Mason"
"108","Kucoin_english_pump"
"110","Kucoin_Binance_Pumps"
"111","hotbit_trading_pumps"
"112",NULL
"113","pump_hotbit_kucoin_signals"
"114","Yangariftradeducate"
"115","CryptoSignaLCrazy"
"117","Crypto_Pumps_Event"
"118","cryptopumpsignalsfrance1"
"119","Binancepumpsignlas"
"120",NULL
"122","kucoin_signals_pumps"
"123","DeFiDrainPumps"
"124","DefiUniverse"
"125","crypto_bitcoin_pumps_binance"
"126","wallstreetevents"
"127","Kucoin_Crypto_Pumps"
"128","KucoinSignalPumps"
"129","crypto_pump_wenlambo"
"130","binance_pump_coin"
"131","Whales_Pumping_Cryptocurrency"
"132","DADAWGSNFT"
"133","WeGoToTheMoonVip"
"134",NULL
"135","pumphotbitj"
"136",NULL
"138",NULL
"139",NULL
"140","kriptopump_sinyal"
"141","topgtradx"
"142","pumptothemo"
"143","pumpalliance23"
"144",NULL
"145","pump_upp"
"146","Pumps"
"147",NULL
"148","TheGalaxyPampers"
"151","best_pump_signals"
"152","Kucoin_Trading_Pump"
"153",NULL
"154","Pancakeswappumpss"
"155","biggesthotbitpumps"
"156",NULL
"157","BigPump_Global"
"158","CryptoLeaksc"
"159","rocketpumpsignal"
"160","Binance_Pumping_Original"
"162","Binance_Kucoin_Pumps_Signals"
"163",NULL
"164",NULL
"165","mexcpump_signals"
"166",NULL
"167","bigpumpindo"
"168",NULL
"169",NULL
"170",NULL
"171","Best_Crypto_Channel1"
"172",NULL
"173","Bitstamp_1"
"174","awayswintrades"
"175",NULL
"176","Crypto_RK_Signals"
"177","cryptofameo"
"178",NULL
"179","Bitgetsignals0"
"180","RICHFROMCRYPTOTRADE"
"181","binancekillerstrades"
"182",NULL
"183",NULL
"184",NULL
"185","Whales_Pumps"
"186",NULL
"187","kryptocalls"
"188","White_Bullss"
"189",NULL
"190","Cashcyti"
"191",NULL
"192",NULL
"194","HighPeakHotbitPump"
"195",NULL
"197",NULL
"198","dkydyodjy"
"200",NULL
"201",NULL
"203","keng_alakttabatt"
"204",NULL
"205",NULL
"206","Gtrading7"
"207",NULL
"208",NULL
"209","cryptocores"
"210","T2Moonsignals1"
"211","Therich_Real"
"212","ygjuytt"
"213",NULL
"214","ProfitFarmers3"
"215","Bodhicrypto"
"216","HACK_GODZillA_Chat"
"217","walesssss1010"
"218","Intraday_Signal"
"219","Zignaly00"
"220","Binance_FuturesSignal"
"221","Swizztrade"
"222",NULL
"223","CryptoGuruSignals1"
"224","crypumpp77"
"225",NULL
"228",NULL
"230",NULL
"232","BrnTokenGlobal"
"233","hotbit_pump_signal_pro"
"236",NULL
"237",NULL
"238",NULL
"239","margintradingTCVN"
"241","Whales100xsignals"
"242","DeFiApeCryptoCalls"
"244","fastcryptopumps"
"246","Predictionsignalsby_REX"
"247","PancakeSwapTokenList"
"248","pancakeswapPumps_Whales"
"249","Signals_News_Crypto"
"250","fatpigsignals"
"253","uniswapunicorns"
"254","uniswap_v2"
"255",NULL
"258","RocketWallet_Official"
"259","universalcryptosignals"
"260","Futuress_signals"
"265","cryptosignals0rg"
"267","wolfxsignals_free"
"268","dextoolscommunitypump"
"269","AIwaysWin_trades"
"270",NULL
"271","maktrading"
"272","cryptoNotesMohsin"
"273","cryptopanda94"
"274","dr_crypto_channel"
"275","EliteCryptoGroupOfficial"
"276","Mega_Cryptoo"
"277","mad_apes"
"278","WhaleTank"
"279","mad_apes_call"
"280","cryptosignalsoriginal"
"281","CryptoRROFFICAIL"
"283","cryptogems555"
"284","ChinapumpWXC"
"285","ChinaPumpNow"
"286","ChinaPumpCommunity"
"287","ultimatepumps"
"288","Signaly_bitcoin"
"290","HypeFutures"
"292",NULL
"293",NULL
"294","Crypto_Ocean_CO"
"295","wolftradeofficial"
"296","bemacrypto"
"297","hotbitpump235"
"298",NULL
"301","Tony_signals"
"302","FreeeVIPSignal"
"303","B_X_Chat"
"307",NULL
"309","wallstreetqueenofficialtm"
"310","dr_crypto_whales"
"311","paul_goldhunter"
"312","CryptoMoonShots_Chat"
"313","Big_Pump_Signals_Gem"
"314",NULL
"315","MM7777555"
"316","MCY_TRADINGS"
"317","cryptomoonshotss"
"318","AIwayswintrades"
"319","Wallstreet_Queen_Official_Vip"
"320","Cryptotegic1"
"321","FatpigSignals001"
"322","CryptoExtreme1"
"323","JacobCryptoBury_free"
"324","UniversalCrypto_Live"
"325","wallstreetqueenofficials"
"326",NULL
"327","Pump_Kingdom_Fx"
"328",NULL
"329","blockpartytrading"
"330","Best_Crypto_Channel11"
"331","mad_apes_gambles"
"332","Pumps_Signals_Trading_Whales"
"333","Pumps_Kucoin_Signals_Crypto"
"334","AmdelTrades"
"335","Bitcoin_Pump_Signal_usdt"
"338","Big_PumpSignal"
"339","BTC68854"
"340","Jsj93889"
"341","monkey_crypto_pump"
"342","one_mega_pump"
"343","Pumps_Binance_Kucoin"
"344","Crypto_Binance_Kucoin"
"345","BinanceCryptoPumpSignals"
"346","Kucoin_Pumps_Binance_Signals"
"354","crypto_trading_btcnews"
"355","Crypto_Pumps_Premium"
"356","Crypto_Pumps_Premium_Signals"
"357","Crypto_Pump_Signals_Spot"
"358","CryptoPumpAnalytics"
"359","Coinbureau_signalsoffical"
"360","cryptosignals99"
"361","Bitcoin_Pumps_Crypto"
"362","Crypto_Pump_Bitcoin"
"363","Crypto_Binance_Signals_Pumps"
"364","cryptopapasignalstrade"
"365","bestcryptopump_6"
"366","bestcryptopump_3"
"367","mad_apes_gambIe"
"372","ChinaPumpNoww"
"378","bullscryptosignall"
"379","tradecoinundergroundsignal"
"380","ABO2JASE1M"
"381",NULL
"382",NULL
"383","cryptosniper_chat"
"384","freecryptosignalscgf"
"385","Cryptoprofitrtrades"
"386","kucoinpumpsys"
"387","CryptoGemsKing"
"388","MCP_binance01"
"389","rocketwalletsignals_official"
"390","JacobCryptoBuryOfficial"
"392","three_mega_pump"
"393",NULL
"394","WallstreetQueenOfficialViP"
"395","JacobCryptoBuryFreesignals"
"396","EVgozx"
"397","Binance_Hotbit_Kucoin_Pumps"
"398","wolfxsignales"
"402","Kucoin_Binance_Pumps_Official"
"403","Binance_Kucoin_Pumps_and_Signals"
"404","whaletankchat"
"407","Kucoin_Pumps"
"408","F_crypto_pumps_l"
"411","blockchainwhispersbaby"
"412","blockchainwhispers_B"
"413","tashatoken"
"414",NULL
"415",NULL
"416","ianCryptoTrades"
"417","KucoinPumpY"
"418","Dogecoin_Elon_Musk"
"419","Kucoin_Trading_Pumps"
"420","Crypto_VIP_Signal_TA"
"421","crypto_elonmusk"
"422","kucoinsignalsforpumps"
"423","KucoinCryptoTradingPumpss"
"424","musk_signal"
"426","bestcryptopump_4"
"427","bestcryptopump_2022"
"428","bestcryptopump_7"
"429","uniswapbombscalls"
"432","Crypto_Pumps_Whales_Signals"
"433","Crypto_Pumps_Signals_Official"
"434","Crypto_Pumps_Signals_Big"
"435","Crypto_Pumps_Signals_Global"
"437","cryptopumpshet2"
"438","cryptopumpshet7"
"439","Mexcpumpsignals1"
"442","lion_mexcpump1"
"443","KLSEBULLSIGNALSINTRADAY"
"449","EtherSignals"
"455",NULL
"457",NULL
"459","shawmiing_2024"
"463","Investmendjs"
"464",NULL
"471",NULL
"473","ewpnrwq1230"
"479","GulfBypass"
"481",NULL
"482","pumps20"
"484","FBI_CHEAT"
"486",NULL
"487",NULL
"500","noofey_fix_chat"
"505",NULL
"510","Biggestcryptopumpchannel"
"513","pumps222"
"517","crypto_pump_wenlambo"
"546","hackernewslive"
"550","lobsters_hr"
"555","rektplebs"
"561","defiprime"
"562","NFTek"
"568","the_block_crypto"
"581","unfolded"
"587","Defiscamcheck"
"595","RNetsec"
"622",NULL
"626","crypto1_pump"
"634","Wallstreetbets_trading"
"649",NULL
"651","Binance_Pumps_Signals_Crypto"
"666","UpAndDump"
"676","Crypto_Vip_Rose_Signals_Pumps"
"688","rexdrainer"
"691","Gokucalls7"
"692","Kucoin_Signals_Bybit_Pumps"
"709","multidrainer"
"710","Crypto_Pumps_Signals_Binance"
"713","wsbethofficial"
"719","defillama_tg"
"728","lobsters_chat"
"732","CryptoEliteNews"
"735","NFT_avenue"
"750","cerberuscdrainer"
"751","solidity_learning"
"754","BestForexSignals_FREEchannel"
"759","swing_PUMP"
"765","cryptoMarketplaceOpen"
"806","CRYPTO_SCAM_DETECTED"
"821","BizFeed"
"822","de_fi"
"824","officer_cia"
"826","decentraliseddotco"
"882","CryptoLeaks4"
"888","hotbitpumpgroupx"
"898","KuCoinPumpTracker50"
"901","kucoin_crypto_pumps_trading"
"903","DrainersFTW"
"910","KucoinPumpsGroup"
"915","irann_crypto"
"920","kucoinpumpssignalss"
"922","CryptoLeaksb"
"931","btcprivatekey1"
"932","google_trafficc"
"934",NULL
"941","cbinsider"
"942","babydogecoin"
"944","thebull_crypto"
"945","EnigmaMalware"
"946","signals_binance_crypto"
"948","trustcracking"
"956","privatekeys4sale"
"957","Crypto_Signals_Leaks"
"964","trust_wallet_hack_phrase"
"966","cryptoblackmarket0"
"979","infernodrainercommunity"
"999","Wallstreetcryptotrader"
"1003","TechCryptoAnalyst"
"1004","Pump_SignalsCrypto"
"1038","bitcoin"
"1040","intocryptoverse"
"1042","marginwhales"
"1043","Altcoin_and_bitcoin_trading"
"1045","KuCoinTradingBotGroup"
"1046","MMCryptoENG"
"1047","Cointelegraph_Es"
"1048","CoinMarketCap"
"1049","KuCoin_Futures_TG"
"1050","OfficiaLCryptoindia"
"1053","gorilla_crypto"
"1054","BeInCryptoCommunity"
"1055","BinanceTurkish"
"1059","TokocryptoOfficial"
"1061","BinanceArabic"
"1062","crypto_news"
"1063","CryptoFamilyGroup"
"1064","RosePremiumm"
"1065","cryptobullet"
"1068","BinanceLiquidations"
"1069","bitcoinleverage"
"1070","binancefuturesignal"
"1071","cmcal_bot"
"1072","whalescryptovip"
"1073","poocointokenchat"
"1075","EasyForexPips"
"1076","professoroff"
"1077","SmartViewAI"
"1088","CryptoEmpire_Signal"
"1091","TradeCryptoNow"
"1094","mycryptopedia"
"1095","cointrendz"
"1099","kriptokondrashov"
"1112","altsignals"
"1114","BitcoinBullets"
"1115","FreeSignalsFXNL"
"1116","Black_Whale_4_Trading_BTC"
"1123","learn2tradectypto"
"1124","Metaverse_Defi_Nfts_Trading"
"1131","Kucoin_pumps_crypto"
"1134","AlphaTradeZone"
"1137","ronaldosilvabitcoinrs"
"1143","Forex_Tradings"
"1144","Wallstreetwhalespush"
"1145","Elite_crypto_signal"
"1155","Crypto_Futures_Trading"
"1158","crypto_sunrise"
"1171","BinanceWaves"
"1174","Crypto_Tigers1"
"1175","pumpskucoin"
"1178","Altcenter"
"1179","cryptoquant_official"
"1181","hotbit_english_pump"
"1189","cointelegraph"
"1190","PancakeSwapAnn"
"1191","JackDorseyCoins"
"1192","cryptoquant_alert"
"1195","KucoinCryptoPumps"
"1204","signal"
"1209","CryptoHeadlinesOfficial"
"1211","crypton_off"
"1212","Binance_Pumps_Futures_Signals7"
"1213","VerifiedCryptoNews"
"1214","CryptoKlondike"
"1225","binance_ru"
"1231",NULL
"1234","airdrop420_tg"
"1249","BLWOnlineTrading"
"1250","binancepumpchannell"
"1251","technical_crypto_analyst"
"1254","crypto_analysis_news"
"1255","cointrendz_pumpdetector"
"1256","DEXTNewPairsBotBSC"
"1273","bitcoin_masters"
"1276","cointradeingplatform"
"1294","binanceactivetrade"
"1300","BinanceKillers_Free"
"1302","CryptoTree07"
"1303","TheHulkCryptoChannel"
"1309","Cryptoz_Trader"
"1322","Signalswins"
"1323","CryptoM00Nshots"
"1324","bitcointurkiye"
"1325","CryptoBusyChat"
"1326","bitcoinistnews"
"1328","Rose_Margin"
"1329","ProAnalysisTrader"
"1330","alwayswintrades"
"1334","coincodecap"
"1335","chiliztradetr"
"1336","DeCenterOrg"
"1349","CryptoComOfficialAnnouncements"
"1356","signalforall"
"1369","Crypto_Sliv_Alliance"
"1370","altzsignalz"
"1371",NULL
"1377","FishTheWhales"
"1381","plancton_crypto"
"1387","CryptoCove"
"1394","BinanceTradingSignalsPro"
"1395","kucoinitalianofficial"
"1401","Crypto_SignalTA"
"1402","Bitcoinbulls2019"
"1405","tradingcryptocoach"
"1412","Altcoinlambo"
"1414","lingridchannel"
"1415","coinsbit_announcements"
"1425","coinkolik"
"1426","SignalsFromCryptoJournal"
"1427","top_crypto2021"
"1433","cryptoleakss"
"1445","Crypto_Swings"
"1448","BinanceResearch"
"1451","signalpalace"
"1458","cryptosignalalert"
"1462","TheViaBTC"
"1463","evgencoin"
"1464","shit_coinss"
"1474","AltcoinAlertsChat"
"1475","cryptopumpisland1"
"1478","DubaiPumpgroups"
"1480","PumpPortaI"
"1481","jarvis_labs"
"1482","caizcoin_official"
"1483","CryptoHeroTA"
"1492","thebullsignals"
"1495","cryptofreesignal"
"1496","Binance_Pump_Signals_BTC"
"1505","cryptotipstrick"
"1508","Thebull_Exclusive"
"1514","ProCloudTrading"
"1519","RosePremiumSignalsVip"
"1524","crypto_scalp_signals"
"1525","mycforexsignals"
"1535","Crypto_Chr1s"
"1544","crypto_pump_isIand_group"
"1545","BinanceTopCoin"
"1547","Crypto_Crunch_app"
"1548","binancetradings"
"1559","Wall_Bets_Street"
"1573","BinancePumpSignalstrading"
"1575","CryptoGainzTM"
"1577","TheWolf_ofWallstreet"
"1584","newbietradingchannel"
"1587","CryptoJobber"
"1592","Twsiyet_Binance"
"1600","hitpumpangels"
"1608","Crypto_Busy"
"1626","goldpipsmaker"
"1632","primiumcryptosignals"
"1635","bitcoinfacileitalia"
"1638","altcoinwhales"
"1639","KucoinPumpSignalGroup"
"1648","CryptontezTA"
"1650","cryptopumpfinder_app"
"1673","InnerCircle_Free"
"1687","SabrenNews22"
"1688","maymun5"
"1689",NULL
"1690","sepah_pasdaran"
"1691","SEPAHCYBERY"
"1693","C_Military1"
"1694","binancekillervip"
"1696","army21ye"
"1697","Tweet92"
"1698","Tura313"
"1699","equity99"
"1700","markettwits"
"1701","CQSScalpingFree"
"1702","cryptoadvisorOfficial"
"1705","CryptoAman_Free"
"1710","STRONGSIGNALS"
"1718","Crypto_Lions10"
"1723","forexsignalsz"
"1727","CoinMarketCapEN"
"1729","scuola_di_trading"
"1730","TheCryptoWolf"
"1731","SpotFuturesScalpingBinance"
"1735","bigpumpsignals_official"
"1738","QualitySignalsChannel"
"1739","BitcoinBulletsVIPFree"
"1751","crypto_pump_lsland"
"1752","Sabereenp1"
"1753","finandyRU"
"1756","AlphaTradeZone_Group"
"1772","Hezbollah_com"
"1773","BabyCryptoChanneL"
"1774","coinguru1113"
"1776","expertoptradinggroup"
"1778","sajadsda"
"1780","americanwhales"
"1787","gridcoin"
"1789","binance_premium_signals"
"1791","binance7btc"
"1792","MENAPump"
"1797","krismacrypto"
"1798","robot_Trade_fr"
"1799","BFUNDTRADING"
"1803","Bitcoin_in_Arabic"
"1804","tabtrader_en"
"1805","signal_binance"
"1806","bitcoinpredict"
"1809","moon_team"
"1814","coinwhisperers"
"1817","PumpBotTalk"
"1821","TheCryptoExpressPremium"
"1825","crypto_pump_lsIand"
"1835","cry333"
"1840","the_great_pump"
"1841","BinanceKillersFreeVIP"
"1851","kenhchienluoc"
"1853","cryptoleakedsignals"
"1856","ibcsignals"
"1858","Poocoin_Pumps"
"1859","pumpmex"
"1864","GoldenSignalz"
"1865","mega_pump_signals"
"1866","pumpitupdiscord"
"1867","JRNYcryptoChat"
"1868","backstreetbets"
"1869","CryptoJoe100"
"1870","bittrexxnews"
"1874","KucoinPumpandDumps"
"1875","tradingfamilyfree"
"1876","crypto_pump07"
"1878","signal_profits"
"1886","procryptoann"
"1889","exceloncoin"
"1890","terrabitcoinclub"
"1891","topslivs"
"1905","DegenUpdate"
"1908","costrading"
"1912","TradingClubFree"
"1913",NULL
"1914","cryptoscamchat"
"1915","Crypto3Whales"
"1916","cryptokingdom_cz"
"1917","bitcoinhabernet"
"1918","robot_trade_info"
"1919","TradingCryptoBinance"
"1920","thebigcryptopumps"
"1921","solidcryptosignal"
"1923","wallstreetbetsignal"
"1924","PooCoinMoonPumps"
"1926","WallstreetBetsCrypto"
"1927","CakeMoonPumps"
"1929","crypto_pumps_group_share"
"1930","hotbit_signal_pump"
"1931","cryptovirussignals"
"1932","vip_binance_nima"
"1933","ResultsElite"
"1934","BinanceExpatsignal"
"1935","RexCryptoSignals"
"1936","RSpumpG"
"1937","HypeCoinPump"
"1938","coffeescafe"
"1939","BitcoinatbpPinasTube"
"1940","BinancePumpTime_CZ"
"1943","crypto_whales_signals"
"1944","mlmamantelegram"
"1945","crypto_pump_binance_day"
"1948","CryptoMarketFamily"
"1949","BraveNewCryptosResearch"
"1950","ielitesignals"
"1951","wallstreetbets_chats"
"1952","BitcoinCommunity3"
"1953","bigcryptocurrencypump"
"1954","KucoinInsiders"
"1955","mt2trading"
"1956","binancefreepro"
"1957","CryptoTradingExpertz"
"1958","eightyninewaves"
"1961","pumpingking"
"1962","myforexfamily"
"1963","PumpPancake"
"1964","zerodayclub"
"1965","tradebutlerbot_chat"
"1966","vipsleaks"
"1967","cryptopingfree"
"1968","cryptofox437"
"1969","gulf1pumps"
"1970","SkycoinTrading"
"1971","skyrocketsignals"
"1973","CryptoSignaLLauncher"
"1975","TradeMate_chat"
"1976","forexscanner"
"1978","APE_crypto"
"1979","cryptoworldcoach"
"1981","BinanceTradingFutures"
"1982","binancesignalsturkey"
"1983","yobitpump_en"
"1984","RichTrader_Vip"
"1985","ArabCryptoTalkARB"
"1986","CryptoFamilyPumps"
"1988","CR_OverPowered"
"2000","CryptoGuruSignal"
"2001","mrtradertips"
"2006","sslevclub"
"2009","cryptosky_platform"
"2011","aeiocrypto"
"2013","pandapush"
"2018","safetradingtoday"
"2019","bitcoinseoul"
"2021","dexpoopumps"
"2022","thecryptosecretsociety"
"2024","VIP_PUMP_STRATEGY"
"2025","cryptosignalalerts"
"2027","AltsignalsIndicator"
"2029","PumpBotcom"
"2030","elitecoins"
"2031","TheTrillionaireTrader"
"2033","exclusivepumpanddumpbinance"
"2034","minnerscryptotrade790"
"2036","pumpinwsb"
"2037","Tradecommunitycrypto"
"2038","Crypto_God_Father"
"2039","VerticalTradersCommunity"
"2040","crypto_pumps_group"
"2041","tradinggoen"
"2043","kim_trader_free"
"2044","heropump2021"
"2045","pumpituppumps"
"2047","ResultVIPSignals"
"2048","LOL_crypto"
"2049","crownsignal"
"2052","howtotradeonbinance"
"2054","CryptoTotalX"
"2060","RoocketPump"
"2061","SignalSemperCrypto"
"2062","FOREXCRYTO07"
"2063","httpstmejoinchatUYyHNw387"
"2066","wallstreetbetscoin"
"2069","btcfortuneinvestment"
"2071","shinemetacoin"
"2072","bitcoinpumpsignals"
"2073","secretsignalservice"
"2074","CryptoGains247"
"2075","DTS_Algo"
"2076","MrPainEthMarginSignals"
"2077","crypto_trading_bitcoin"
"2078","verifiedcryptotraderssignal"
"2079","bitcoinprofitcoach"
"2083","Cryptogamblingpro"
"2085","tigertrade"
"2086","bitcointurko"
"2087","WallStreetBets_pumpsofficial"
"2088","MJFREESIGNALS"
"2089","Bittrex_poloniex_signals"
"2090","god_crypto"
"2091","magic_pump"
"2092","wallstreet_cryptotraders"
"2093","Crypto_Chat5"
"2094","crypto_pumps_island"
"2095","whaleglobal2"
"2096","wallstreetbets_channel"
"2097","AQweGsg"
"2099","cryptoprofessorr"
"2100","hotbitpumb"
"2101","CoinPushToday"
"2103","Chatwithexperts"
"2104","MoonShot_Trader"
"2105","pancakeswappumpz"
"2106","cida_official"
"2107","btcpointt"
"2108","OfficialCryptoNinjaCoach"
"2109","commas_team"
"2110","TheProfessorsMillionSignals"
"2111","binancepump247"
"2113","cryptocobraschat"
"2116","TradingByCF"
"2118","evetradingcorponews"
"2119","MoonshotPump_signals"
"2122","Turkish_pump"
"2123","BinanceAndCryptopiaPump"
"2124","true_signals"
"2125","DailyCryptoPumper"
"2127","fastsignals_english"
"2128","TBMSignals"
"2131","cryptonautahungary"
"2132","TrademasterSignalChat"
"2133","CryptoMarketSignalz"
"2135",NULL
"2136","DGTXarchive"
"2137","moontrader_en"
"2138","bittmextradingsignals"
"2139","BinanceProfitSignal"
"2140","BitcoinAltcoin_TR"
"2141","CryptoSignals_pump"
"2142","wallstreetcryptopumps"
"2144","topcopysignalsworld"
"2145","cryptocurrency_coinsignals"
"2146","WallStreetBetsPumper"
"2147","hotbitpumpfree"
"2148","TradingCoach151"
"2149","BullsPumpSignals"
"2157","OxCrypto"
"2158","INTERACTIVEPUMPS"
"2160","cryptoinvestsphere"
"2164","PrimeTrading1"
"2165",NULL
"2167","CryptoSnakePit"
"2169","BTC_prodavci"
"2172","buysellsignall"
"2173","Joe007SupportChatENG"
"2175","Hotbitpumpofficial"
"2176","kikapump"
"2180","Cryptosuggestionss"
"2182","PumpMasterss"
"2191","SmartCryptoPump"
"2193","OfficialCryptoinc"
"2194","vigilant_crypto_snatch"
"2195","cryptospacepump"
"2196","pumpnholdcrypto"
"2197","gateandhotbit1"
"2198","OfficialTradingCryptoCoach"
"2200","traders_circle"
"2204","binancians123456"
"2207","realcryptosignall"
"2210","hcpcrypto"
"2211","tradingscryptocoachbackup"
"2213","pumpittothemoon1"
"2215","GPPGpumpVIPgroup"
"2216","WallStreetBetsPumpers"
"2218","goldjobpumps"
"2220","Binance_Jersey"
"2222","Pancake_PumpBros"
"2224","WSBinsider"
"2225",NULL
"2230","cryptocurrenciepumps"
"2231","NewsolutionProject"
"2234","bestcryptocurrencysignals"
"2237","whales_pump_admins"
"2239","Cornixvip"
"2241","pumpkings05"
"2244","playcryptosafely"
"2246","CryptoTrendAlerts"
"2247","cryptopremiumvipsignal"
"2248","cryptopumpbra"
"2249","cryptosecrect"
"2250","mega1551"
"2256","hotbitforfree"
"2257","binancefuturesvipsignal"
"2258","Biance2"
"2259","Crypto_Emperor_Lalit"
"2263","CryptoPumpProfitt"
"2266","btcusdtradeinexchange"
"2267","cryptoBtc21"
"2268","CRYPTOINCOMETRADE1"
"2269","CryptoClassics"
"2273","CryptoPumpAnalysis"
"2275","cryptotafree"
"2276","Binance_Pump_Whales"
"2277","PumpSignalsAllCryptos"
"2280","binancemoonpump"
"2281","pumpintime4you"
"2284","togetherwepump1"
"2286","CDSignalsStationVIP"
"2290","WhalesHere"
"2291","VlPSignaIs"
"2294","clarksontrader"
"2295","CryptoSwingvip"
"2296","ThunderCatTrading"
"2297","OfficialCryptoProfitCoach"
"2298","moonbowsignal"
"2302","ChrisForexSignalsFREE"
"2310","AnonCollective"
"2311","ANONYMOUS_INDIA_101"
"2314","Memberss177"
"2315","esteemrestorationeagle"
"2316","AnonymousSudanChat"
"2317","AC3HCYBER"
"2318","BoomSecOfficial2023"
"2319","x1915x"
"2320","OPRATIONSALIGATOR"
"2322","ganosecteam01"
"2326","ArabAnonForce"
"2328","sultengblackhat"
"2329","Exploitationn"
"2332","Team313Official"
"2338","aslanneferlertim"
"2341","Coa_Agency"
"2346","team_1956"
"2347","xAnonymousSudan"
"2350","dragonforceio"
"2352","fredensofsecurity1"
"2353","cybererrorsystem"
"2354","fromlammertomastah1337"
"2356","EAGLECYBER999"
"2358","eaglecyberwashere"
"2360","revolusigbanon17"
"2365","JatengCyberTeam777"
"2367","garnesiateam02"
"2368","garnesiateam"
"2371","garnesiachat"
"2373","HacktivistIndonesia"
"2376","ganosecteam"
"2378","Anonymous_070"
"2380","lcmysecteamch"
"2381","lcmysecteam"
"2384","CYB3RG4NG"
"2385","anonhamz"
"2387","Garuda_Cyber_Operation"
"2389","REVOLUSIJBEN"
"2390","fakesec666"
"2393","lulzsecurityagency"
"2395","jatimredstormxploit"
"2396","GhostsofPs_org"
"2398","Haghjoyann"
"2404","legionsteam"
"2408","TeamR70"
"2412","YourAnonTl3x"
"2413","NIXON_CYBER_TEAM_DISCUSSION"
"2414","SukowonoBlackhatTeam"
"2415","Team_r70YEMEN"
"2418","panoc_team"
"2425","Saharahackers"
"2426","SylhetGangSgOfficial"
"2428","NIXON_CYBER_TEAM"
"2429","Team_insane_Pakistan"
"2431","SukowonoBlackhatTeam01"
"2433","SynixCyberCrimeMy"
"2434","teamnwhsecurity"
"2438","thecamp22"
"2439","tengkorakcybercrew"
"2446","GhostSecc"
"2447","opindia_vulzsec"
"2448","systemadminbd"
"2449","legendscrewmy"
"2450","MysteriousTeam0"
"2451","thundercyberteam"
"2452","HostKillCrews"
"2453","PmcWagnerZ"
"2454","Hacker501"
"2458",NULL
"2459","CyberClubIL"
"2460","KEP_TEAM"
"2461","BABATATASASA"
"2463","StarsXTeam"
"2464","DarkCyberWarrior"
"2465","iRadioDFM"
"2466","termuxisrael2"
"2467","stucxteam"
"2468","TigerElectronicUnit"
"2470","usnexushacker"
"2472","cscrew_official"
"2474","thecamp22addabox"
"2478","islamiccyberteam"
"2479","MuslimCyberArmy1"
"2480","ucc_team"
"2485","garudafromcyber"
"2486","ICyberDefence"
"2487","KhanWhiteHatHackersTeam"
"2488","DSH_C"
"2492","abuamin777"
"2499","impir4tor_news"
"2502","zapredelami3"
"2513","darul_huzn1"
"2517","favaid1441"
"2531","mysliislama"
"2550","ABUHALID_VARANDO"
"2553","noymohk"
"2555","turkey_sb"
"2557",NULL
"2561","obitel_znaniy"
"2565","niysoo"
"2573","kunnashaabimuhammad"
"2582","taemboss80lecgouv"
"2584","at_taallum"
"2586","khasan_khalitov_99"
"2589","NakitCoins"
"2590","ConflictZone24"
"2596","jazira_news"
"2599","as_sahwa"
"2608","BabyPipsfxs1"
"2614","Garythe_trader1"
"2615","thekingfibo11"
"2616","Ankit_Gold_master"
"2618","nasdaq_elitefree2_0"
"2619","GoldforexsignalUK"
"2620","xauusd_verified_traders"
"2622","multibankforexsignal"
"2624","Richwithfabiof"
"2625","sureshotFxoo1"
"2627","Gbpjpyfxforex"
"2629","Reyanaforexx"
"2630","hotforexsignaz"
"2632","GBPUSSDTMASTER"
"2633","babyPips_com0"
"2635","free_forex_signals_fx_lifestyles"
"2636","Fatemiyoun1434"
"2637","Gold_Eurusd_Usdjpy_Gbpusd_Gbpjpy"
"2638","freesurfe"
"2639","USOIL_US30_SIGNAL_1"
"2640","Forexsignalxauus"
"2641","finotivefundingfx"
"2642","AaafxOfficial"
"2643","GBPUSDEURUSDGBPCAD"
"2644","livetradingtricks"
"2646","Trading_Psycho1"
"2647","investingiftetorolibrary"
"2648","WallStreetForex_Signals"
"2649","Smart_Goldtrader_x"
"2650","ozzie_goldking0"
"2651","Adssforexsignals_official"
"2652","Goldmafsignal"
"2653","electrapegasus10"
"2655","pipgrabbersfx"
"2656","GSMPublics"
"2658","Rockzfxpipsgrabber"
"2659","thetrader2020"
"2660","Naasdaq_US500team102"
"2661","mrfullmargiinfx"
"2662","gold_forex_signalsfx_1"
"2663","nasdaqschool"
"2664","taurusstocks"
"2665","yahoofinanceforexsignals"
"2666","nas100_us30_gold_tradingcompany"
"2667","Sir_ManGoldHunter"
"2668","wolfoftrading_1"
"2669","BankNifty_Nifty_ProTraders"
"2670","cctrade1"
"2671","Atsignalsx"
"2673","bandit3732"
"2674","Forex_pulseinfo"
"2675","goldmasterb"
"2676","Garygoldtraderr0"
"2677","RLindaRkes1"
"2678","tradingwithrayner"
"2679","Allah_forex_school_of_trades"
"2680","goldmastermikeofficia"
"2682","GoldForexsgnals"
"2683","iQ_Trader_Alerts_ALL_Market"
"2684","Wall_StreetForexSignals"
"2686","fxgoldforexsignalsfxfx"
"2687","Zaynn_goldtrader"
"2688","a2xmForexSignal1"
"2695",NULL
"2701",NULL
"2703","hamasps"
"2704","gazaalanpa"
"2705","hamas34"
"2706","fauda_ps"
"2709","stockideaofficial"
"2710","BeatTheStreet10"
"2712",NULL
"2713","equity2commodity"
"2721","letters_frominside"
"2724","whispersoftheforgotten"
"2725","dnevnikuznici95"
"2727","prisoner_umma"
"2731","meadws"
"2732","Amina_al_xoll29"
"2734","mir_kavkaza"
"2735","RukamiKavkazaYouTub"
"2738","almusafirune"
"2739","Muslimuun_11"
"2741","zametki_uznika"
"2742","mumtahana_rojj"
"2743","hak993"
"2744","muttaqiinu"
"2745","tasaddaqa_en"
"2746","Darb_al_Saalihin"
"2747","vcussvobody121212"
"2751","mmirlb"
"2762","qassambrigades"
"2767","candy_flakes_shp1"
"2769","opioids_opiates_dilaudid_perks"
"2774",NULL
"2778","Usdt_Laundering"
"2781","qassam1brigades"
"2793",NULL
"2810","Deathmatics"
"2811","scdarkcrypto"
"2814",NULL
"2817","maythouscalls"
"2820","cryptoinnercircle"
"2822","CyberToufanBackup"
"2823","whalepumpgroup23"
"2825",NULL
"2826","ACCOUNTSQUAD"
"2827",NULL
"2828",NULL
"2829",NULL
"2830","cyberstine2"
"2834","altenens"
"2835","atlantiscyberarmy"
"2840","BLOODNET_RUS"
"2841","CrackerConfigs"
"2844","AntiPlumbers"
"2845","bl00dy_Ransomware_Gang"
"2846","data1eaks"
"2848","cityofleaker"
"2850","cbanke"
"2856","canyoupwnme"
"2858",NULL
"2861",NULL
"2862","boosty66brvte"
"2865","cpartisans"
"2868","databreach"
"2870","DARKNET_BR"
"2872","EternityMalwareTeam"
"2876","baphchat"
"2877","groupcracked"
"2878","Moroccan1_black_CyberArmy"
"2880","freshtoolsnet"
"2882","Bl4ck_Room"
"2883","DarknetNewsEng"
"2885","cbanke_market"
"2886","ddostm1"
"2888","grandgive"
"2891",NULL
"2892","darkclubpw"
"2894","bugatti_cloud"
"2895","dbforall"
"2897","goblins_gang"
"2898","darkwebdarknetmarketplace"
"2905","freedomf0x"
"2906","ddossatmak"
"2907","flannels"
"2909","DB_MARKEETS"
"2910","fr33d4t4"
"2911",NULL
"2912","hgn01_ru"
"2917","itarmyofukraine2022"
"2920","hudyhstock"
"2923","hadesh0p"
"2925","HK4GANG"
"2926","hacker_trick"
"2927","nn05716chat"
"2929","illsvcchat"
"2930","king_0f_cracking"
"2931","techpwnews"
"2934",NULL
"2937","zer0daylab"
"2940","hidden_links"
"2941","ShizoPrivacy"
"2942","hydramarketrebuild"
"2943","joker_reborn"
"2944","noname05716"
"2945","MAilAccessCracker"
"2946","latestbin"
"2947","illsvc"
"2948",NULL
"2950","TeamDemon"
"2956","NetSurvivalist"
"2957","killnet_reservs"
"2958","xaknet_team"
"2961","LearnExploit"
"2963","proxy_bar"
"2964","membersofxaknet"
"2965","stkdatabase"
"2966","hackgit"
"2968","noname05716engchat"
"2969","xGodzillAxChat"
"2972","sanaski"
"2973","nohidespace"
"2975","infinity_hackers_group"
"2976","Turbotelproxy"
"2979","StormFreeConfig"
"2981","ransomwatcher"
"2982","KillnetChatLATAM"
"2984","ZeroDay_TM"
"2985","O1chat"
"2987","windmarketo"
"2989","LegioNLeakeR"
"2990","shieldteam1"
"2994","noname05716eng"
"2997","webpwn"
"2999",NULL
"3002",NULL
"3003","hackingtoolsprvi8"
"3006","KILLNETddos"
"3007","UPENBULLET"
"3008",NULL
"3009","t_darknet"
"3010","snatch_info"
"3011","silentplug666"
"3014","OnePlusChat"
"3018",NULL
"3022","FiveFamilies"
"3023","turkhckteam"
"3027","win_def"
"3028","SiegedSecurity"
"3029","APTANALYSIS"
"3031","BEARITARMY"
"3033","CoupTeam"
"3034","informZarya"
"3037","garudasec4"
"3039","EntheogensBot"
"3041","Osintcorp_chat"
"3047","CyberArmyofRussia_Reborn"
"3048",NULL
"3051","ZulikGroupChat"
"3053","leak_db2"
"3055","killmilk_rus"
"3057","GroupLapsus"
"3059","usersec_collective"
"3061","xxShad0dexx"
"3064",NULL
"3065",NULL
"3068","meris_botnet"
"3069","cristallineforum"
"3074","LummaC2Team"
"3075","snatch_team"
"3076","hackberegini"
"3077","Patriot_Black_Matrix"
"3079",NULL
"3081","inj3ct0rs"
"3083","user_secc"
"3087","narcoslist2021"
"3089","LummaC2Stealer"
"3092","usersec_chat"
"3093","jokersworlds"
"3094","HackForceAll"
"3095","redstresserorg"
"3096","ctifeeds"
"3097","caligunandammostraps"
"3099",NULL
"3103","DarkStormTeamd"
"3104",NULL
"3108","shujuzx"
"3109","Bigchillin100ShippingMenu2"
"3122","drainers_crypto"
"3123",NULL
"3127","StarsXTeamCH"
"3129","Drainer729"
"3131",NULL
"3134","freepalestine_PPHM"
"3135","haifengwaihui"
"3136","armyofmahdiincyberworld"
"3137","RipperSec"
"3139","GrxSenseiTeam"
"3140","Crypto666_Signals"
"3141","Toxcar123"
"3144","KetapangGreyHatTeamV2"
"3145",NULL
"3146","Hunt3rkill3rs1"
"3150","drainermemechat"
"3155","Utceh88"
"3156","GrxSenseiDisscus"
"3157","xinhuiguoji"
"3159","Z_BL4CK_H4T"
"3161","BLACK_MASK_TEAM"
"3162","MoroccanCyberForces"
"3163","team_scf_pk"
"3164","iranhackers313"
"3165",NULL
"3168",NULL
"3169","RipperSecGroup"
"3170","tradex001"
"3175","PaluAnonCyber"
"3177","apestonkscapital_xyz"
"3179","H4x0rUmbarellaCorp666"
"3180","jfjcl"
"3181","laosidaifa"
"3182","ethersecteam"
"3183","jcdnsjc"
